country_code,time,internet_pct,gdp_per_capita,health_spend_pct_gdp,life_expectancy,fertility_rate
ABW,YR2023,,34897.6183932009,,76.353,1.602
ABW,YR2024,,38590.5650288641,,76.5,1.606
AFE,YR2023,27.8,1571.13270407815,5.54379730412469,65.1462279163724,4.22386057727533
AFE,YR2024,28.8,1628.22728900442,,65.3499304660954,4.16404379125111
AFE,YR2025,30.4,1722.38561960923,,,
AFG,YR2023,15.92840004,413.757894705303,14.9857626,66.035,4.84
AFG,YR2024,16.09499931,416.871146273728,,66.289,4.761
AFW,YR2023,38.5,1846.24681069313,4.14260145115394,58.8474833840405,4.49819642332456
AFW,YR2024,40.0,1416.22841156776,,59.041538008007,4.41645027493679
AFW,YR2025,42.4,1600.05837434388,,,
AGO,YR2023,37.88589859,2885.51349130806,2.54692864,64.617,5.124
AGO,YR2024,40.70479965,2720.81900669715,,64.805,5.048
AGO,YR2025,,3129.47662331063,,,
ALB,YR2023,83.13559161,9740.7023414631,7.05240345,79.602,1.348
ALB,YR2024,85.86389923,11374.0085781236,,79.776,1.341
ALB,YR2025,,12998.147869552,,,
AND,YR2023,94.21499634,46812.448450114,7.69928026,84.041,1.082
AND,YR2024,94.39759827,49357.437070178,,84.188,1.087
AND,YR2025,,54291.5026031052,,,
ARB,YR2023,,7504.35637695627,5.16576491698387,72.4446783578531,3.08975083762374
ARB,YR2024,,7602.41115691284,,72.721805028968,3.05741457915216
ARB,YR2025,,7544.41435641482,,,
ARE,YR2023,100.0,49850.6945082084,4.97095108,82.909,1.2
ARE,YR2024,100.0,50273.5126243239,,83.069,1.213
ARG,YR2023,89.22897166,14261.8465667948,10.2695179,77.395,1.5
ARG,YR2024,89.66715228,13969.7836603737,,77.543,1.504
ARG,YR2025,,14898.0885943842,,,
ARM,YR2023,79.99663036,8159.08720967996,9.32119179,77.4658536585366,1.9
ARM,YR2024,81.33930206,8556.21406956719,,78.319512195122,1.7
ARM,YR2025,,9474.01849300368,,,
ASM,YR2023,,,,72.852,2.286
ASM,YR2024,,,,72.992,2.267
ATG,YR2023,72.12409973,22012.2625947994,3.91348195,77.598,1.578
ATG,YR2024,72.73040009,23059.8330702839,,77.766,1.582
ATG,YR2025,,24819.2454680158,,,
AUS,YR2023,96.1160965,65058.3773146674,10.39852047,83.0512195121951,1.499
AUS,YR2024,96.13140106,64609.9865116088,,83.0512195121951,1.481
AUS,YR2025,,65129.7227990563,,,
AUT,YR2023,95.33467117,56579.504175468,11.15297318,81.7926829268293,1.32
AUT,YR2024,94.91974877,58268.8787651601,11.8325634,81.9951219512195,1.31
AUT,YR2025,91.92573373,62930.0351324599,,,
AZE,YR2023,89.0,7133.02838048328,4.27113533,74.429,1.55
AZE,YR2024,90.43979645,7294.64276088105,,74.576,1.43
AZE,YR2025,90.80000181,7410.72281660142,,,
BDI,YR2023,7.172299862,249.795164039029,9.09471226,63.651,4.878
BDI,YR2024,8.595999718,216.231928531758,,63.818,4.789
BDI,YR2025,,233.823013385395,,,
BEL,YR2023,94.62625074,55244.68145811,10.80371571,82.4,1.47
BEL,YR2024,95.77579144,56581.9375642531,,82.3,1.44
BEL,YR2025,,60750.2735864647,,,
BEN,YR2023,32.39400101,1394.17784721831,3.33732462,60.774,4.556
BEN,YR2024,33.98379898,1485.38018885134,,60.961,4.48
BEN,YR2025,,1658.27312662991,,,
BFA,YR2023,25.36120033,873.198061670247,7.79943228,61.092,4.186
BFA,YR2024,28.25270081,982.493100418428,,61.292,4.11
BFA,YR2025,,1147.57131635601,,,
BGD,YR2023,44.50274195,2551.01773827307,2.17014575,74.672,2.163
BGD,YR2024,53.42171316,2593.41611680774,,74.93,2.138
BGD,YR2025,,2597.34352335275,,,
BGR,YR2023,80.38956462,15854.0192893772,7.91853094,75.7560975609756,1.81
BGR,YR2024,82.438955,17596.9167621233,,75.7609756097561,1.72
BGR,YR2025,,20328.1667065538,,,
BHR,YR2023,100.0,29290.1284215098,3.99562383,81.284,1.824
BHR,YR2024,100.0,29717.1424605273,,81.423,1.805
BHR,YR2025,,30596.5794898885,,,
BHS,YR2023,92.38729858,38231.774484278,6.30260801,74.552,1.373
BHS,YR2024,92.47270203,39455.4466548546,,74.71,1.374
BIH,YR2023,83.3771539,8663.02326458629,8.9216938,77.85,1.486
BIH,YR2024,86.10091103,9397.90942855997,,78.044,1.492
BIH,YR2025,,10381.8460703874,,,
BLR,YR2023,91.51249979,7896.75388295584,7.08167362,74.1837804878049,1.208
BLR,YR2024,94.26182128,8605.60954569694,,74.3653414634147,1.217
BLR,YR2025,,10279.2547190723,,,
BLZ,YR2023,70.18720245,7424.75821321022,4.14735794,73.566,2.007
BLZ,YR2024,80.00582262,7681.24400583113,,73.739,2.021
BLZ,YR2025,,7865.47937690933,,,
BMU,YR2023,,132961.760796315,,82.309,1.401
BMU,YR2024,,142250.433195123,,82.49,1.405
BOL,YR2023,77.30039978,4274.70820547613,6.91864729,68.581,2.547
BOL,YR2024,79.70469666,4421.16609889999,,68.739,2.523
BOL,YR2025,,5147.81081955367,,,
BRA,YR2023,84.15060238,10377.5892792557,9.73092747,75.848,1.619
BRA,YR2024,84.46347227,10310.5486973693,,76.023,1.614
BRA,YR2025,,10713.2856869511,,,
BRB,YR2023,69.67510223,25583.8722302505,5.40463829,76.178,1.708
BRB,YR2024,70.36470032,26897.2002039176,,76.332,1.708
BRB,YR2025,,28364.8181499736,,,
BRN,YR2023,98.97039795,32890.5491812019,2.2286067,75.327,1.747
BRN,YR2024,96.29828801,33153.4738913513,,75.501,1.731
BRN,YR2025,,32234.6428368582,,,
BTN,YR2023,90.02140045,3831.32535564326,4.41551638,72.975,1.462
BTN,YR2024,91.27739716,4228.05102403654,,73.262,1.449
BTN,YR2025,,4492.78400306618,,,
BWA,YR2023,,7827.30027960734,6.25574684,69.163,2.732
BWA,YR2024,57.45950036,7649.81663744354,,69.293,2.703
BWA,YR2025,,7778.1151090571,,,
CAF,YR2023,13.8416996,495.978897288721,10.65553188,57.408,6.012
CAF,YR2024,13.78250027,516.160999996036,,57.671,5.954
CAF,YR2025,,556.131398031455,,,
CAN,YR2023,94.14530182,54847.5370112652,11.18692875,81.6263414634146,1.27
CAN,YR2024,94.353302,55015.7066917734,11.3095665,82.1080487804878,1.25
CAN,YR2025,,55697.6639660837,,,
CEB,YR2023,,22693.9504470566,7.17207508856139,77.7580384683685,1.39667191135418
CEB,YR2024,,24616.0957872816,,77.918095146168,1.30912544338199
CEB,YR2025,,27676.9389653713,,,
CHE,YR2023,97.34436623,104449.75451772,11.69096088,84.1560975609756,1.33
CHE,YR2024,97.3443985,107702.065940312,,84.4073170731707,1.29
CHE,YR2025,97.32103855,114769.012314293,,,
CHI,YR2023,,74585.5224096294,,81.1,1.37
CHI,YR2024,,,,81.2,1.37
CHL,YR2023,94.45742345,17081.5180740049,10.17470455,81.167,1.167
CHL,YR2024,95.590243,16658.9652720351,10.53092575,81.359,1.14
CHL,YR2025,,17994.5911957485,,,
CHN,YR2023,90.6,12951.1782397043,5.94388866,77.953,0.999
CHN,YR2024,92.0,13293.1162269366,,78.017,1.013
CHN,YR2025,91.6,13861.970224368,,,
CIV,YR2023,40.65284979,2591.9659048119,3.43218303,61.944,4.283
CIV,YR2024,41.43219902,2727.8935220697,,62.11,4.23
CIV,YR2025,,3050.10202257321,,,
CMR,YR2023,42.24380112,1720.47510154506,4.5545516,63.7,4.322
CMR,YR2024,46.25880051,1830.00833684727,,63.968,4.261
CMR,YR2025,,1972.3815800786,,,
COD,YR2023,18.96789932,660.21205238997,3.68495083,61.895,6.051
COD,YR2024,19.67350006,692.887665085098,,62.074,5.981
COD,YR2025,,806.776000708534,,,
COG,YR2023,43.15039825,2477.97845544866,3.29744148,65.772,4.157
COG,YR2024,47.25159836,2482.2489948456,,66.001,4.109
COG,YR2025,,2514.73393584747,,,
COL,YR2023,77.33686322,7012.49169137756,8.15838146,77.725,1.645
COL,YR2024,79.34543299,7951.08624019412,8.14139366,77.913,1.634
COL,YR2025,,8561.62091854449,,,
COM,YR2023,31.92749977,1723.89474946474,6.55212021,66.777,3.878
COM,YR2024,32.51750183,1857.87060684189,,67.023,3.822
COM,YR2025,,2055.75921566281,,,
CPV,YR2023,74.59919739,4794.90119772843,5.84791613,76.059,1.522
CPV,YR2024,74.73519897,5170.20531932535,,76.224,1.511
CPV,YR2025,,5796.47207860911,,,
CRI,YR2023,85.39514799,17140.771430122,6.8663702,80.799,1.33
CRI,YR2024,87.17019653,18853.2828705886,,80.996,1.318
CRI,YR2025,,19970.0989059622,,,
CSS,YR2023,,17609.6827071212,5.48778796194105,73.1716450013098,1.83168008600287
CSS,YR2024,,19923.5745910977,,73.3126671321816,1.82976813968826
CSS,YR2025,,20880.0606776787,,,
CUB,YR2023,69.55580139,,9.38383102,78.085,1.439
CUB,YR2024,70.47699738,,,78.264,1.445
CUW,YR2023,,21217.8109173312,,76.8,1.3
CUW,YR2024,,22832.895498987,,76.989,1.4
CYM,YR2023,,100065.233841107,,80.358,1.531
CYM,YR2024,,104292.900672109,,80.54,1.525
CYP,YR2023,91.22110357,36623.70703125,8.11912918,81.648,1.389
CYP,YR2024,89.60099246,38674.3125,,81.821,1.38
CYP,YR2025,,41783.08984375,,,
CZE,YR2023,85.99404818,31761.5944102491,8.42677402,79.8268292682927,1.46
CZE,YR2024,87.68776014,31827.7552539413,8.50710297,79.9780487804878,1.36
CZE,YR2025,,35917.2724081665,,,
DEU,YR2023,92.4763763,54776.7668235491,11.74428654,81.0414634146342,1.39
DEU,YR2024,93.49999579,56103.7323182554,12.26655293,80.7926829268293,1.36
DEU,YR2025,,60496.4350820414,,,
DJI,YR2023,64.75869751,3381.29779710722,2.28316021,65.987,2.609
DJI,YR2024,65.29889679,3552.72335079222,,66.202,2.618
DJI,YR2025,,3905.604954681,,,
DMA,YR2023,81.33650208,9912.96212766668,5.00757647,71.132,1.484
DMA,YR2024,82.04689789,10405.2787777582,,71.294,1.48
DMA,YR2025,,10989.0431185083,,,
DNK,YR2023,98.77559197,68043.5466971243,9.5572958,81.7536585365854,1.5
DNK,YR2024,99.76915157,71026.4832271897,9.38812923,82.2536585365854,1.47
DNK,YR2025,,76970.1535217919,,,
DOM,YR2023,86.12689972,10630.431743829,4.59880495,73.72,2.243
DOM,YR2024,91.0022446,10875.6618443092,,73.868,2.222
DOM,YR2025,,11059.2081531834,,,
DZA,YR2023,76.19760132,5370.477235078,4.35082531,76.261,2.766
DZA,YR2024,77.4178009,5752.99076651465,,76.475,2.723
DZA,YR2025,,6051.00322704182,,,
EAP,YR2023,84.2,10126.4304121407,5.60835519830005,75.8806830895266,1.36140449889156
EAP,YR2024,86.1,10391.1526101394,,75.9593161676786,1.36829193691809
EAP,YR2025,88.1,10843.4363994141,,,
EAR,YR2023,,4212.16924807645,4.8276388426126,71.7962449795855,2.29816654586579
EAR,YR2024,,4405.28492630999,,72.0081190674171,2.28020089221422
EAR,YR2025,,4566.42669968306,,,
EAS,YR2023,84.9,13251.5119797804,6.8203923602249,76.6572021082574,1.33559055994181
EAS,YR2024,86.6,13482.4788785045,,76.7378937238629,1.34088497482886
EAS,YR2025,88.4,14077.2712026283,,,
ECA,YR2023,84.6,8609.12296290637,4.92052386059615,74.7901416269909,1.98425254275538
ECA,YR2024,85.8,9801.70054676084,,75.1422790044247,1.96181371551687
ECA,YR2025,87.5,11117.61379372,,,
ECS,YR2023,89.6,30015.7640895399,9.58496768550451,78.3912342010497,1.57800237204399
ECS,YR2024,90.9,31630.8552937604,,78.5976161914947,1.55340850837664
ECS,YR2025,92.4,34603.480892464,,,
ECU,YR2023,72.6943146,6718.1447938811,7.56167889,77.392,1.823
ECU,YR2024,77.17273115,6826.5294137822,,77.579,1.806
ECU,YR2025,,7125.27618527738,,,
EGY,YR2023,74.01190186,3456.78965212363,4.88449335,71.633,2.75
EGY,YR2024,74.64839935,3338.47371043679,,71.806,2.735
EGY,YR2025,,3085.80712036204,,,
EMU,YR2023,,44797.6445281418,10.2899180074654,82.1378956135498,1.38484353050167
EMU,YR2024,,46424.2413084574,10.77442962542,82.246870032101,1.3534453467622
EMU,YR2025,,50214.0783015991,,,
ERI,YR2023,,,3.6837678,68.624,3.713
ERI,YR2024,,,,68.893,3.68
ESP,YR2023,95.44564516,33493.2225409111,9.2206583,83.9341463414634,1.12
ESP,YR2024,95.7574516,35326.7683069278,,83.8878048780488,1.1
ESP,YR2025,,38627.2472148623,,,
EST,YR2023,93.18342241,30264.0064885057,7.47082138,78.7926829268293,1.31
EST,YR2024,92.23796204,31428.3547816104,7.83648062,79.2951219512195,1.18
EST,YR2025,,34417.6320815138,,,
ETH,YR2023,20.33749962,1055.81091593061,2.80310345,67.315,3.989
ETH,YR2024,21.94129944,1133.88279681256,,67.603,3.909
ETH,YR2025,,932.729352775179,,,
EUU,YR2023,,41566.8992410802,9.99899300228438,81.4249329538218,1.3837480486422
EUU,YR2024,,43313.7668203916,10.5422385397464,81.5608466061313,1.34087000671597
EUU,YR2025,,47089.1638419269,,,
FIN,YR2023,93.51385075,52864.6931581216,10.47389507,81.5853658536585,1.26
FIN,YR2024,93.72405196,53155.5451165897,,82.3365853658537,1.25
FIN,YR2025,,56148.580949046,,,
FJI,YR2023,74.1160965,5926.20586394763,3.61524153,67.316,2.281
FJI,YR2024,74.7052002,6425.74151715712,,67.463,2.27
FJI,YR2025,,6642.00449450523,,,
FRA,YR2023,86.83635789,44700.1384177544,11.51974583,82.8317073170732,1.66
FRA,YR2024,88.65381638,46103.0840855884,11.53530598,82.9804878048781,1.61
FRA,YR2025,,48985.7307807924,,,
FRO,YR2023,,72486.6910957957,,82.9521195121951,1.8676
FRO,YR2024,,74175.2776311377,,83.0832463414634,1.9129
FSM,YR2023,39.39889908,3933.01607031874,12.88087559,67.198,2.748
FSM,YR2024,39.52360153,4251.69052668788,,67.357,2.743
FSM,YR2025,,4414.00737137479,,,
GAB,YR2023,68.19789886,7802.82433276138,3.13430715,68.337,3.647
GAB,YR2024,68.72090149,8230.04311451151,,68.511,3.592
GAB,YR2025,,8263.03321595,,,
GBR,YR2023,95.44719696,49919.6896621586,10.99128914,81.2380975609756,1.56
GBR,YR2024,95.4720993,53341.3131094262,11.133358,81.3868536585366,1.551
GBR,YR2025,,57601.9621201954,,,
GEO,YR2023,81.88425624,8283.66960652261,6.85758877,74.496,1.81
GEO,YR2024,83.79855689,8967.67525638987,,74.657,1.802
GEO,YR2025,,9691.53472415196,,,
GHA,YR2023,70.67430115,2383.90410476221,2.94686937,65.498,3.397
GHA,YR2024,72.17569733,2419.2518672482,,65.695,3.344
GHA,YR2025,,3257.1588903576,,,
GIB,YR2023,,,,83.553,1.888
GIB,YR2024,,,,83.63,1.885
GIN,YR2023,32.31560135,1555.49375806861,3.69442987,60.74,4.217
GIN,YR2024,33.30469894,1694.95375862185,,60.904,4.131
GIN,YR2025,,1877.2541220972,,,
GMB,YR2023,48.72829819,883.024111978927,2.89250112,65.86,4.006
GMB,YR2024,49.49430084,871.340287547821,,66.057,3.907
GMB,YR2025,,919.060423427951,,,
GNB,YR2023,28.71240044,964.431832665395,8.82204819,64.085,3.836
GNB,YR2024,29.77739906,998.376093392688,,64.254,3.757
GNB,YR2025,,1123.76679992349,,,
GNQ,YR2023,63.51950073,6788.35271638376,3.49941635,63.707,4.081
GNQ,YR2024,63.29930115,7003.58055684906,,63.906,4.116
GNQ,YR2025,,6615.25245207167,,,
GRC,YR2023,85.0102229,23343.7103964562,8.39367008,81.7365853658537,1.26
GRC,YR2024,86.26968886,24626.1481858973,,81.8390243902439,1.24
GRC,YR2025,,26948.0070432791,,,
GRD,YR2023,69.4131012,11414.4781691181,4.65330839,75.205,1.487
GRD,YR2024,70.16159821,11528.9220811928,,75.367,1.472
GRD,YR2025,,12106.8790105068,,,
GRL,YR2023,,58498.9707973609,,70.9724390243902,1.769
GRL,YR2024,,,,70.2734146341463,1.706
GTM,YR2023,56.72669983,5754.42833909847,6.80241346,72.602,2.311
GTM,YR2024,60.22140121,6150.89465281457,,72.746,2.287
GTM,YR2025,,6598.18032988711,,,
GUM,YR2023,,,,77.209,2.781
GUM,YR2024,,,,77.422,2.748
GUY,YR2023,79.3553009,20473.7002190617,2.46673751,70.18,2.412
GUY,YR2024,83.00080109,29675.2501582835,,70.319,2.395
GUY,YR2025,,32413.7930757518,,,
HIC,YR2023,91.9,49141.5400740302,12.5381196027244,80.1496802618874,1.43489677982464
HIC,YR2024,93.0,50907.2761474674,,80.3938747881042,1.42497638838309
HIC,YR2025,94.2,53997.2579539931,,,
HKG,YR2023,95.97781908,50525.1119312663,,85.2473170731707,0.751
HKG,YR2024,95.75536971,54274.7547767073,,85.3926829268293,0.841
HKG,YR2025,,56983.0663059906,,,
HND,YR2023,58.0685997,3227.45762509776,7.70976162,72.884,2.5
HND,YR2024,58.62269974,3415.96027916712,,73.044,2.476
HND,YR2025,,3598.21450440452,,,
HPC,YR2023,,1157.85200500349,4.4525335920373,64.7182457242664,4.47760931802155
HPC,YR2024,,1220.84577070029,,64.9203978854631,4.40964811260255
HPC,YR2025,,1331.89997509038,,,
HRV,YR2023,83.24117599,22183.4982258492,7.14699411,78.4731707317073,1.46
HRV,YR2024,83.63240029,24049.9441746337,,78.9292682926829,1.46
HRV,YR2025,,27103.9116109268,,,
HTI,YR2023,47.99269867,1681.84407667059,3.19156528,64.936,2.656
HTI,YR2024,47.8614006,2060.35591768638,,65.119,2.625
HTI,YR2025,,2694.18969101404,,,
HUN,YR2023,91.4500713,22208.6509820466,6.36868954,76.5707317073171,1.55
HUN,YR2024,93.77898628,23305.4482514359,,76.7243902439025,1.41
HUN,YR2025,,25907.4743259406,,,
IBD,YR2023,77.3,7892.13359236419,5.90989609361809,74.5179764623959,1.71695529254296
IBD,YR2024,79.9,8186.57476056638,,74.6728746420716,1.7140664225305
IBD,YR2025,82.7,8599.35834895508,,,
IBT,YR2023,65.5,6126.38809068241,5.76917076151948,71.9999928217283,2.30769844385431
IBT,YR2024,67.7,6304.3969997243,,72.1341361054704,2.29986633914999
IBT,YR2025,70.3,6613.2094697403,,,
IDA,YR2023,34.5,1536.73358897841,3.86404281504275,65.4550660808135,3.84199268487146
IDA,YR2024,36.4,1487.2803211344,,65.6366628053028,3.78848195005015
IDA,YR2025,38.9,1608.08422318374,,,
IDB,YR2023,38.3,1922.68195677238,3.89355404772797,62.4621643327349,3.90689986940718
IDB,YR2024,41.2,1658.96290902751,,62.619940785485,3.84144000700748
IDB,YR2025,44.2,1841.20446420685,,,
IDN,YR2023,69.20836554,4876.2992959843,2.70239949,71.146,2.127
IDN,YR2024,72.78075544,4925.43644992666,,71.288,2.115
IDN,YR2025,,5059.62596411213,,,
IDX,YR2023,32.5,1330.08005697828,3.84042465533906,67.0575957681524,3.8082007790831
IDX,YR2024,33.9,1395.67575971244,,67.2462931175477,3.76091745047495
IDX,YR2025,36.1,1484.11159862857,,,
IMN,YR2023,,90015.2074234398,,80.999,1.548
IMN,YR2024,,,,81.091,1.544
IND,YR2023,60.25230026,2434.44826340989,3.33944035,72.003,1.975
IND,YR2024,64.9434967,2591.9916607122,,72.235,1.962
IND,YR2025,70.0,2702.47987141553,,,
IRL,YR2023,96.8660965,106818.917130804,6.57538509,82.8073170731707,1.5
IRL,YR2024,97.18769836,112894.953240805,6.85410833,83.009756097561,1.47
IRL,YR2025,,131592.462547877,,,
IRN,YR2023,83.71050262,5049.29931642754,6.02542305,77.654,1.695
IRN,YR2024,85.3404007,5190.16959024821,,77.854,1.684
IRN,YR2025,,3924.38017821898,,,
IRQ,YR2023,81.80889893,5965.31835077761,5.53275251,72.324,3.249
IRQ,YR2024,81.47450256,6073.61032342708,,72.424,3.221
IRQ,YR2025,,5409.67899716967,,,
ISL,YR2023,97.94860077,82201.2908518078,8.70510101,82.4560975609756,1.55
ISL,YR2024,98.209198,85863.1479330343,8.98358727,82.809756097561,1.56
ISL,YR2025,,98323.4849517418,,,
ISR,YR2023,87.03842615,52126.4489280033,7.09822369,83.1951219512195,2.85
ISR,YR2024,88.18242225,54216.5218142787,,83.1975609756098,2.87
ISR,YR2025,,60336.8477964194,,,
ITA,YR2023,87.0278292,39279.699782164,8.40559483,83.3512195121951,1.21
ITA,YR2024,89.2207202,40429.6224047352,8.44437313,83.9512195121951,1.18
ITA,YR2025,,43308.6403060733,,,
JAM,YR2023,89.47304282,7542.39855849054,7.60493946,71.479,1.358
JAM,YR2024,90.10870361,7753.8119527678,,71.606,1.351
JAM,YR2025,,8002.92104076242,,,
JOR,YR2023,92.53443944,4906.23543006639,7.66000605,77.814,2.639
JOR,YR2024,95.62244985,5073.92103605892,,77.981,2.604
JOR,YR2025,,5347.77731384797,,,
JPN,YR2023,85.00990295,35215.003535366,10.73979473,84.0412195121951,1.2
JPN,YR2024,85.54153081,33797.1014287876,,84.0363414634146,1.15
JPN,YR2025,,35951.0449549304,,,
KAZ,YR2023,92.87846096,12879.4275257974,3.76701546,74.402,3.012
KAZ,YR2024,93.39167254,14154.6324958076,,74.531,2.984
KAZ,YR2025,,14692.1331757237,,,
KEN,YR2023,32.07040024,1942.58802756191,4.35172892,63.646,3.208
KEN,YR2024,34.97622513,2133.46193404026,,63.834,3.167
KEN,YR2025,,2362.86091198611,,,
KGZ,YR2023,91.04440308,2138.22210211478,4.50344467,72.2487804878049,2.7
KGZ,YR2024,92.0286026,2514.81066933171,,72.4,2.6
KGZ,YR2025,,3080.96893823359,,,
KHM,YR2023,68.92549896,2429.74853452838,4.61706829,70.668,2.579
KHM,YR2024,68.47530365,2627.87969756224,,70.817,2.548
KHM,YR2025,,2872.42926639909,,,
KIR,YR2023,88.0,2200.68918614289,10.94525623,66.473,3.147
KIR,YR2024,89.44029999,2550.98377226188,,66.6,3.124
KIR,YR2025,,2558.66636011102,,,
KNA,YR2023,76.58950043,22576.9248439166,5.73595428,72.145,1.505
KNA,YR2024,76.88400269,23960.6534357084,,72.281,1.526
KNA,YR2025,,25223.0257622185,,,
KOR,YR2023,97.41597478,35674.095995632,8.5650692,83.4292682926829,0.721
KOR,YR2024,97.89563777,36238.639908315,8.67656994,83.6292682926829,0.748
KOR,YR2025,,36226.9663637512,,,
KWT,YR2023,99.74731125,34091.9714813002,4.96311998,83.1878048780488,1.524
KWT,YR2024,99.74729919,32855.7209688827,,84.580487804878,1.56
KWT,YR2025,100.0,32312.3119953634,,,
LAC,YR2023,79.7,9891.4632795533,7.84015567723397,75.3619658099591,1.82170358786028
LAC,YR2024,81.4,10065.5029056612,,75.5362004917305,1.81258696338799
LAC,YR2025,83.6,10407.4817975955,,,
LAO,YR2023,64.39800262,2066.94979776957,1.32651615,68.964,2.421
LAO,YR2024,65.59269714,2123.97909415109,,69.225,2.397
LAO,YR2025,,2324.76353098791,,,
LBN,YR2023,81.7059021,3477.72489842684,5.57497263,77.817,2.239
LBN,YR2024,80.63400269,4473.27134441128,,77.945,2.227
LBR,YR2023,31.22410011,799.194470229642,13.00574875,62.163,3.95
LBR,YR2024,32.23360062,851.497723870206,,62.324,3.864
LBR,YR2025,,915.328972645548,,,
LBY,YR2023,82.10469818,6026.51518708812,7.80515862,69.339,2.355
LBY,YR2024,81.95449829,6569.16408678648,,71.121,2.298
LBY,YR2025,,6448.82415074121,,,
LCA,YR2023,67.44390106,13616.6397593734,4.7298274,72.697,1.379
LCA,YR2024,68.20500183,14493.658470648,,72.846,1.385
LCA,YR2025,,14745.8184305461,,,
LCN,YR2023,80.0,10507.6138782353,7.94355058922187,75.6435273357906,1.79509415879954
LCN,YR2024,81.7,10705.1067802788,,75.8179100020065,1.78557435495839
LCN,YR2025,83.7,11095.2176548294,,,
LDC,YR2023,29.9,1258.15690309732,3.60668572644975,66.5196263232195,3.96112424917373
LDC,YR2024,31.4,1299.44368873396,,66.7090446173001,3.91090237141104
LDC,YR2025,33.7,1361.99182021439,,,
LIC,YR2023,22.0,765.64916597333,4.57073764189418,65.0356834241329,4.53491554555654
LIC,YR2024,22.5,808.500564579264,,65.236848074161,4.46383636906266
LIC,YR2025,23.4,837.360634569252,,,
LIE,YR2023,98.13230133,206780.590353385,5.71460724,84.5951219512195,1.45
LIE,YR2024,98.2641983,220167.225473557,,84.2,1.37
LKA,YR2023,51.2,3815.41531767474,3.68313766,77.483,1.974
LKA,YR2024,54.59,4545.36006870612,,77.672,1.952
LKA,YR2025,,5002.07904353724,,,
LMC,YR2023,55.4,2319.95481547486,3.70808739985731,69.3282445149932,2.64147925137803
LMC,YR2024,58.9,2354.1541763908,,69.5243427458333,2.61828078301417
LMC,YR2025,62.9,2481.42751777184,,,
LMY,YR2023,,5733.51584469729,5.61090683167427,71.8872400935005,2.33674419294898
LMY,YR2024,,5874.03080372303,,72.02401270252,2.3289808274605
LMY,YR2025,,6107.26169428605,,,
LSO,YR2023,48.98590088,921.435141557056,12.61182117,57.375,2.694
LSO,YR2024,51.79660034,1023.04227681523,,57.798,2.664
LSO,YR2025,,1088.96276223185,,,
LTE,YR2023,,12427.24971376,6.31155209542518,77.1240537371626,1.26864948775251
LTE,YR2024,,12874.6436381177,,77.2329659519788,1.27231640042738
LTE,YR2025,,13677.3231696707,,,
LTU,YR2023,88.50287484,27983.3658256887,7.31801939,77.290243902439,1.18
LTU,YR2024,89.16116293,29603.7772588256,7.59519005,77.1951219512195,1.11
LTU,YR2025,,32958.6706396386,,,
LUX,YR2023,99.34785707,133230.619178899,5.78777981,83.309756097561,1.25
LUX,YR2024,98.7606147,137781.681659123,5.89136267,83.1951219512195,1.25
LUX,YR2025,99.12902211,147252.179121515,,,
LVA,YR2023,92.18791291,22710.2637544197,7.27783823,75.4268292682927,1.36
LVA,YR2024,92.70757011,23578.9663562625,,76.4292682926829,1.24
LVA,YR2025,,26311.9730706362,,,
MAC,YR2023,89.82640076,67216.3631112124,,83.1804878048781,0.586
MAC,YR2024,89.82640076,72004.7437020733,,83.3317073170732,0.582
MAC,YR2025,,75901.7461294198,,,
MAF,YR2023,,,,80.224,2.718
MAF,YR2024,,,,80.438,2.673
MAR,YR2023,91.0,3813.72607421875,6.06396198,75.313,2.23
MAR,YR2024,91.2,4153.1943359375,,75.493,2.208
MAR,YR2025,,4672.46826171875,,,
MCO,YR2023,98.87049866,256799.911212051,3.11959291,86.372,2.11
MCO,YR2024,99.04489899,288001.574856495,,86.497,2.102
MDA,YR2023,76.50330353,6799.58594644576,6.7359705,71.198,1.731
MDA,YR2024,77.3687973,7578.90216348853,,71.332,1.726
MDA,YR2025,,8621.71721623786,,,
MDG,YR2023,18.24080086,514.064076551927,3.42822957,63.632,3.972
MDG,YR2024,18.67790031,550.37875528856,,63.835,3.912
MDG,YR2025,,599.265294255357,,,
MDV,YR2023,84.55290222,12587.6126038651,9.24973583,81.041,1.575
MDV,YR2024,85.23999786,13379.3513577224,,81.285,1.56
MDV,YR2025,,14614.7208116541,,,
MEA,YR2023,59.5,6144.70308054742,5.34256816818965,72.0838364704563,3.00810110726487
MEA,YR2024,61.5,6275.43469598207,,72.3150125047629,2.97597018598226
MEA,YR2025,63.7,6202.19002141299,,,
MEX,YR2023,81.18318755,13830.843848864,5.50398684,75.069,1.91
MEX,YR2024,83.12233799,13988.0423745241,,75.264,1.892
MEX,YR2025,,13889.2339628708,,,
MHL,YR2023,64.07589722,6799.39217554794,13.40528965,66.945,2.919
MHL,YR2024,65.915802,7590.28443592202,,67.075,2.864
MHL,YR2025,,8489.05793506422,,,
MIC,YR2023,,6342.84660727863,5.62455595449996,72.7277443304535,2.07783594445476
MIC,YR2024,,6507.45727213279,,72.8726073761326,2.07123959541259
MIC,YR2025,,6778.79773310904,,,
MKD,YR2023,88.5,8674.35846327485,7.42730284,75.3160975609756,1.5
MKD,YR2024,93.6,9291.8566035502,,76.6165853658537,1.4
MKD,YR2025,93.1,10489.9255355525,,,
MLI,YR2023,36.03879929,1042.44223444837,3.81316996,60.439,5.614
MLI,YR2024,36.80149841,1093.2523323649,,60.675,5.51
MLI,YR2025,,1193.27601004701,,,
MLT,YR2023,92.07266941,40932.5238774461,8.84301376,83.3560975609756,1.06
MLT,YR2024,93.86029816,44023.6341078148,,82.9560975609756,1.01
MLT,YR2025,,47906.9000057635,,,
MMR,YR2023,,1233.19666209269,4.45748425,66.889,2.115
MMR,YR2024,,1359.05001560107,,67.095,2.098
MMR,YR2025,,1488.87527836542,,,
MNA,YR2023,55.9,2872.39008505083,5.20467148839159,71.2758849884582,3.08429933241737
MNA,YR2024,58.0,2963.06913716955,,71.4871863765917,3.04961747732347
MNA,YR2025,0.0,2829.12883889291,,,
MNE,YR2023,88.5515976,12258.1600477339,9.6549921,77.5878048780488,1.74
MNE,YR2024,88.88258428,13270.1824401005,,77.890243902439,1.8
MNE,YR2025,,14816.8380299947,,,
MNG,YR2023,83.74320221,5838.63108083902,6.07207489,72.1224390243902,2.7
MNG,YR2024,85.12349701,6750.6301157724,,72.3980487804878,2.5
MNG,YR2025,,7108.22743246244,,,
MNP,YR2023,,,,78.808,2.348
MNP,YR2024,,,,78.947,2.324
MOZ,YR2023,19.94560051,622.191133245967,8.50126553,63.611,4.763
MOZ,YR2024,20.52729988,656.976148587772,,63.797,4.69
MOZ,YR2025,,626.914419215727,,,
MRT,YR2023,44.95629883,2127.9576285973,4.34333467,68.484,4.697
MRT,YR2024,45.77939987,2104.54260769051,,68.713,4.625
MRT,YR2025,,2197.51046251309,,,
MUS,YR2023,79.5,11269.9684462139,5.56544495,73.4121951219512,1.4
MUS,YR2024,73.30793533,11990.9355434317,,73.7890243902439,1.44
MUS,YR2025,,12991.2935987166,,,
MWI,YR2023,17.98810346,633.214767978695,6.53459597,67.353,3.648
MWI,YR2024,18.96159935,522.365366146003,,67.561,3.59
MWI,YR2025,,671.506847203876,,,
MYS,YR2023,97.69272633,11386.0395636528,3.95760036,76.657,1.55
MYS,YR2024,98.0206059,11874.4273684245,,76.821,1.543
MYS,YR2025,,13124.5554178269,,,
NAC,YR2023,93.3,79647.6390981082,16.2910204736392,78.7304513464606,1.5795114200617
NAC,YR2024,94.4,82808.120496409,,79.2390403034254,1.58553507990607
NAC,YR2025,95.6,86308.0717272746,,,
NAM,YR2023,63.69549942,4225.99102418102,9.48251629,67.385,3.212
NAM,YR2024,64.87460327,4501.84849548225,,67.516,3.211
NAM,YR2025,,4875.92558158247,,,
NCL,YR2023,,33701.8923322781,,78.766,1.98
NCL,YR2024,,29213.1923192946,,78.921,1.964
NER,YR2023,12.98079967,647.930108509567,4.04895782,61.183,6.061
NER,YR2024,15.55760002,729.856664168989,,61.433,5.935
NER,YR2025,,775.353622143879,,,
NGA,YR2023,40.06399918,2138.76383718757,4.19086456,54.462,4.482
NGA,YR2024,41.21139908,1084.16041805058,,54.635,4.382
NGA,YR2025,,1224.25410237743,,,
NIC,YR2023,60.30120087,2609.44491147975,8.29879284,74.947,2.218
NIC,YR2024,61.39550018,2847.87639497305,,75.1,2.206
NIC,YR2025,,3173.33724815085,,,
NLD,YR2023,97.00680272,63515.6030780019,9.83150005,81.8634146341464,1.43
NLD,YR2024,97.00679779,67465.3208126875,10.00551128,81.9658536585366,1.43
NLD,YR2025,,73683.917132794,,,
NOR,YR2023,99.00000258,90984.4087141111,9.42925453,83.0121951219512,1.4
NOR,YR2024,99.0,89888.9535204758,,83.1609756097561,1.45
NOR,YR2025,,94594.1929573987,,,
NPL,YR2023,45.80680084,1382.38300895424,6.15843678,70.354,1.984
NPL,YR2024,46.32189941,1460.28237984149,,70.636,1.961
NPL,YR2025,,1535.87781246307,,,
NRU,YR2023,83.03970337,13602.6372112893,18.21076012,62.109,3.331
NRU,YR2024,83.01170349,14048.163961344,,62.279,3.29
NRU,YR2025,,14639.5046929186,,,
NZL,YR2023,93.32610321,49302.341876493,10.12947655,81.7585365853659,1.57
NZL,YR2024,93.51930237,49432.3626396797,10.06186676,82.009756097561,1.57
NZL,YR2025,,49591.0405731713,,,
OED,YR2023,,47135.6137232065,12.7481642567741,80.1629734061989,1.49322582670193
OED,YR2024,,48881.8109051634,,80.3985705098059,1.47751261883453
OED,YR2025,,51733.7140199057,,,
OMN,YR2023,95.25170135,21027.7384572657,3.49047446,80.031,2.525
OMN,YR2024,95.25174678,20285.2272765262,,80.246,2.508
OMN,YR2025,,19947.3966227092,,,
OSS,YR2023,,15346.6488924949,7.34753280434449,73.5849815358082,2.03998731840646
OSS,YR2024,,16111.8328238083,,73.8137960223999,2.01596667994834
OSS,YR2025,,17540.3099815121,,,
PAK,YR2023,,1360.32417758419,2.51988316,67.649,3.605
PAK,YR2024,57.253,1479.47755241191,,67.799,3.547
PAK,YR2025,,1595.90912252837,,,
PAN,YR2023,68.54851592,18797.1933894611,8.33022976,79.594,2.119
PAN,YR2024,72.77149963,19161.218843129,,79.775,2.106
PAN,YR2025,,19789.7308555826,,,
PER,YR2023,79.48484477,7919.04634828547,5.63786411,77.74,1.98
PER,YR2024,81.95705992,8526.29665719783,,77.941,1.965
PER,YR2025,,9684.41170314988,,,
PHL,YR2023,77.86699677,3804.08274131718,5.10122538,69.833,1.916
PHL,YR2024,67.26300914,3985.29464669706,,69.946,1.894
PHL,YR2025,,4170.72347271451,,,
PLW,YR2023,82.91629791,15578.3497630733,10.85468197,69.269,1.907
PLW,YR2024,83.92549896,18169.0767165866,,69.383,1.883
PLW,YR2025,,19532.3557719527,,,
PNG,YR2023,18.56130028,2966.06455045333,2.87081432,66.134,3.099
PNG,YR2024,18.81159973,2912.4914068385,,66.256,3.072
PNG,YR2025,,3019.5309140573,,,
POL,YR2023,86.414744,22145.2660647429,7.13848782,78.2585365853659,1.2
POL,YR2024,88.58496367,25103.565661423,8.06380177,78.409756097561,1.14
POL,YR2025,,28419.5777395638,,,
PRE,YR2023,,1559.36615928619,4.47173885631823,62.1630603690952,4.55956571208229
PRE,YR2024,,1372.7115352549,,62.3537442260657,4.48545615858786
PRE,YR2025,,1470.05803145865,,,
PRI,YR2023,,36980.7653928068,,81.69,0.92
PRI,YR2024,,39353.2242360643,,81.902,0.92
PRI,YR2025,,40620.1526923687,,,
PRK,YR2023,,,,73.642,1.78
PRK,YR2024,,,,73.743,1.784
PRT,YR2023,85.79012676,27634.6183139773,10.02761173,82.3292682926829,1.45
PRT,YR2024,88.48704454,29328.3067415343,10.24061108,82.3829268292683,1.41
PRT,YR2025,,32081.8106150292,,,
PRY,YR2023,78.09481878,6303.26495017292,8.35731316,73.844,2.422
PRY,YR2024,81.57806793,6456.60723068562,,73.982,2.416
PRY,YR2025,,7026.61906146401,,,
PSE,YR2023,86.63765334,3607.41611858821,10.73343945,65.17,3.311
PSE,YR2024,,3028.25481286981,,69.213,3.25
PSE,YR2025,,3171.10844621579,,,
PSS,YR2023,,4199.64948077192,5.66259048949321,69.2745949035856,3.02800394339178
PSS,YR2024,,4528.48364572376,,69.440356940231,3.00590037111189
PSS,YR2025,,4719.69017777464,,,
PST,YR2023,,54507.2154710128,13.2802047482968,80.8342678318764,1.3972378902435
PST,YR2024,,56385.0585145595,,81.1124065061669,1.38617793642855
PST,YR2025,,59490.0240628251,,,
PYF,YR2023,,21832.2831795569,,84.07,1.501
PYF,YR2024,,22439.8838746025,,84.192,1.491
QAT,YR2023,98.15229797,80195.8746508549,2.52358818,82.368,1.729
QAT,YR2024,98.08540344,75685.0865779973,,82.522,1.717
QAT,YR2025,,72524.9066385222,,,
ROU,YR2023,89.20335498,18244.4186876321,5.70901489,76.4048780487805,1.54
ROU,YR2024,91.29048551,20080.2096215595,,76.4585365853659,1.39
ROU,YR2025,,22537.9532108047,,,
RUS,YR2023,92.24496346,13986.9951171875,7.04438496,73.2546341463415,1.41
RUS,YR2024,94.36495368,14961.8974609375,,73.4404878048781,1.418
RUS,YR2025,,17546.609375,,,
RWA,YR2023,28.80579948,1061.05788154076,5.12708998,67.785,3.698
RWA,YR2024,31.70330048,1059.93709298801,,68.017,3.645
RWA,YR2025,,1123.73874633225,,,
SAS,YR2023,58.3,2449.857142451,3.25977663546509,72.3247648783903,1.99556441998933
SAS,YR2024,62.8,2601.82209529365,,72.5599614464264,1.98099187797599
SAS,YR2025,67.8,2705.28227429085,,,
SAU,YR2023,100.0,36156.8562500172,5.68722248,78.732,2.28
SAU,YR2024,100.0,35527.786181866,,78.982,2.308
SAU,YR2025,,34536.6555456551,,,
SDN,YR2023,,797.283447265625,2.85165739,66.331,4.323
SDN,YR2024,,984.607666015625,,66.521,4.264
SDN,YR2025,,1164.53991699219,,,
SEN,YR2023,59.18740082,1698.03387300843,4.32314825,68.683,3.818
SEN,YR2024,60.11780167,1738.73223822106,,68.924,3.765
SEN,YR2025,,1954.71174194867,,,
SGP,YR2023,94.28518987,86382.5900499252,4.49163246,83.0975609756098,0.97
SGP,YR2024,94.37757178,94896.5621495988,,83.3463414634146,0.97
SGP,YR2025,,98813.9788172877,,,
SLB,YR2023,28.67239952,1882.64394148042,5.36366177,70.528,3.557
SLB,YR2024,29.04070091,1933.55538435227,,70.694,3.513
SLB,YR2025,,2086.18955928928,,,
SLE,YR2023,23.71360016,758.329137301888,4.71883011,61.786,3.791
SLE,YR2024,25.10499954,806.654650274255,,61.964,3.703
SLE,YR2025,,846.296172499617,,,
SLV,YR2023,62.61989975,5319.7195268688,9.28738594,72.099,1.775
SLV,YR2024,66.47769928,5503.10317151907,,72.302,1.768
SLV,YR2025,,5766.72574029107,,,
SMR,YR2023,97.33640289,59871.3288101478,6.60829115,85.706,1.149
SMR,YR2024,97.35220337,,,85.817,1.158
SOM,YR2023,26.12010002,596.885985135589,3.74413586,58.816,6.132
SOM,YR2024,27.94020081,629.538899449007,,58.967,6.013
SOM,YR2025,,661.173877723116,,,
SRB,YR2023,85.35746686,12281.707946167,8.03133774,76.1414634146341,1.62
SRB,YR2024,87.69071294,13677.7794863909,,75.9682926829268,1.64
SRB,YR2025,,15262.0464193413,,,
SSA,YR2023,33.5,1680.66097936273,4.92011962789578,62.6015210435979,4.33275535683473
SSA,YR2024,34.7,1541.07573422834,,62.8024124096261,4.26440302699369
SSA,YR2025,36.5,1671.41989803328,,,
SSD,YR2023,,,11.61002254,57.617,3.864
SSD,YR2024,,,,57.738,3.785
SSF,YR2023,32.3,1682.2261488119,4.91966846383615,62.6027406477464,4.33256591809805
SSF,YR2024,33.6,1542.65844261619,,62.8036817702073,4.26419372272935
SSF,YR2025,35.7,1673.07077574497,,,
SST,YR2023,71.7,14360.785757405,6.76680777438066,72.9130400157843,2.12416179232397
SST,YR2024,72.5,15409.264856078,,73.1115272530592,2.10677723466158
SST,YR2025,0.0,16577.8450757077,,,
STP,YR2023,58.70130157,2990.6606143535,5.77292156,69.718,3.644
STP,YR2024,59.11759949,3502.6176807171,,69.905,3.596
STP,YR2025,,4084.40062145233,,,
SUR,YR2023,87.4,5521.97602122638,5.40666008,73.631,2.249
SUR,YR2024,,6961.78956060258,,73.757,2.231
SUR,YR2025,,7069.87230892274,,,
SVK,YR2023,87.2131343,24614.8734642794,7.35262203,78.119512195122,1.49
SVK,YR2024,89.82507032,25992.6748502048,,78.3707317073171,1.46
SVK,YR2025,,28543.6653439813,,,
SVN,YR2023,90.37794678,32660.4753581346,9.30008888,81.9292682926829,1.51
SVN,YR2024,90.76355487,34301.0318686594,9.87630939,82.2853658536585,1.52
SVN,YR2025,,37376.2216079138,,,
SWE,YR2023,95.70327461,54950.2834725622,11.152915,83.309756097561,1.45
SWE,YR2024,95.52930428,57222.7100565003,11.21510124,84.0634146341463,1.43
SWE,YR2025,95.76629783,63133.2126736715,,,
SWZ,YR2023,61.33330154,3755.52111232464,7.49763966,64.123,2.753
SWZ,YR2024,63.40309906,3909.55892378182,,64.264,2.718
SWZ,YR2025,,4108.25221093363,,,
SXM,YR2023,,39451.822911732,,76.371,1.447
SXM,YR2024,,41472.5870367865,,76.528,1.44
SXM,YR2025,,42978.1317407037,,,
SYC,YR2023,86.001297,18130.5297135548,4.48238087,75.419512195122,2.18
SYC,YR2024,87.81800079,18364.5259678223,,76.2951219512195,1.85
SYC,YR2025,,19449.3836346926,,,
SYR,YR2023,,,2.70998812,72.12,2.712
SYR,YR2024,,,,72.56,2.7
TCA,YR2023,,35470.2151608295,,78.008,1.463
TCA,YR2024,,37506.7798431288,,78.181,1.452
TCD,YR2023,12.03590012,949.991054236266,4.99707747,55.069,6.12
TCD,YR2024,12.62689972,980.668312111718,,55.238,6.028
TCD,YR2025,,1022.33559390754,,,
TEA,YR2023,85.0,10240.3474676862,5.60851637724168,75.9085643603807,1.35619349886656
TEA,YR2024,86.8,10508.2462082104,,75.9869566179365,1.36313000886682
TEA,YR2025,88.9,10965.8265646099,,,
TEC,YR2023,87.3,12070.5942969794,6.21532365654935,74.6977324805541,1.72488017428387
TEC,YR2024,88.9,13364.4486876078,,74.965455732724,1.70504851585081
TEC,YR2025,90.8,15300.0702229683,,,
TGO,YR2023,37.57020187,1182.32951436696,6.10829544,62.74,4.192401
TGO,YR2024,39.48320007,1266.08777721447,,62.935,4.121673
TGO,YR2025,,1383.89974929887,,,
THA,YR2023,89.53525238,7210.54130832685,4.53787661,76.412,1.212
THA,YR2024,90.86718789,7386.63615126055,,76.564,1.204
THA,YR2025,,8056.56359761558,,,
TJK,YR2023,54.41550064,1178.47990060249,7.43789911,71.79,3.072
TJK,YR2024,55.79339981,1362.02559981695,,71.927,3.036
TJK,YR2025,,1637.2542942547,,,
TKM,YR2023,,5298.46421949276,5.49789095,70.073,2.69
TKM,YR2024,,5904.25772576512,,70.201,2.661
TKM,YR2025,,6540.17876401136,,,
TLA,YR2023,80.2,10259.5487208892,7.94735280706801,75.5699258379688,1.80414192300781
TLA,YR2024,81.8,10441.4685782421,,75.7447305457286,1.79422126534979
TLA,YR2025,83.9,10822.5929247606,,,
TLS,YR2023,,1502.4114958903,9.59779453,67.689,2.707
TLS,YR2024,,1331.9705130185,,67.904,2.627
TLS,YR2025,,1340.9640193437,,,
TMN,YR2023,55.7,2867.14499885351,5.15422758089718,71.3194560888195,3.08266683185516
TMN,YR2024,57.8,2962.60094580465,,71.5035205544959,3.04816260323066
TMN,YR2025,60.2,2826.65540584536,,,
TON,YR2023,64.13140106,5651.59357939286,7.36037779,72.895,3.129
TON,YR2024,67.4417038,6215.38990974121,,73.07,3.1
TON,YR2025,,6547.18646814228,,,
TSA,YR2023,58.3,2449.857142451,3.25977663546509,72.3247648783903,1.99556441998933
TSA,YR2024,62.8,2601.82209529365,,72.5599614464264,1.98099187797599
TSA,YR2025,67.8,2705.28227429085,,,
TSS,YR2023,32.1,1682.2261488119,4.91966846383616,62.6027406477464,4.33256591809805
TSS,YR2024,33.3,1542.65844261619,,62.8036817702073,4.26419372272935
TSS,YR2025,35.2,1673.07077574497,,,
TTO,YR2023,81.9681015,18308.4536298575,7.52568626,73.49,1.532
TTO,YR2024,82.15989685,18733.4110406494,,73.617,1.536
TTO,YR2025,,18967.2704636681,,,
TUN,YR2023,,3951.11683376921,7.98537874,76.508,1.832
TUN,YR2024,76.5,4187.64079392362,,76.711,1.818
TUN,YR2025,,4656.63818386852,,,
TUR,YR2023,85.96074155,13375.0947282864,4.27524424,77.156,1.51
TUR,YR2024,87.3078767,15892.7157287241,,77.421,1.48
TUR,YR2025,89.77024003,18599.4420922378,,,
TUV,YR2023,,5143.8397437226,27.08968544,67.105,3.208
TUV,YR2024,,5883.50257114002,,67.259,3.174
TUV,YR2025,,6041.44908591428,,,
TZA,YR2023,28.43190002,1224.00219726563,3.05201221,66.995,4.606
TZA,YR2024,31.16209984,1192.60668945313,,67.212,4.541
TZA,YR2025,,1318.81921386719,,,
UGA,YR2023,9.286999702,1002.30913917142,4.23600149,68.252,4.283
UGA,YR2024,8.949831061,1077.91278438613,,68.487,4.165
UGA,YR2025,,1206.30450825002,,,
UKR,YR2023,81.58059692,5139.59814453125,,73.422,0.977
UKR,YR2024,82.47489929,5391.62255859375,,74.692,0.988
UKR,YR2025,,5865.884765625,,,
UMC,YR2023,85.3,10118.6217728148,6.04134929459251,75.9179864449912,1.51662738157545
UMC,YR2024,86.9,10443.3480457159,,76.0451247995029,1.51796608157636
UMC,YR2025,88.8,10890.0974812565,,,
URY,YR2023,90.92590332,23378.6399733516,9.01887608,78.138,1.409
URY,YR2024,91.99109007,24308.4954958447,,78.287,1.397
URY,YR2025,,25215.8238152781,,,
USA,YR2023,93.52559662,82586.7847707894,16.69414902,78.3853658536585,1.6165
USA,YR2024,94.69380188,86169.6641581917,,78.890243902439,1.6265
USA,YR2025,,90026.5163005744,,,
UZB,YR2023,89.01361047,3015.97705069457,6.74312878,72.388,3.5
UZB,YR2024,89.50550079,3337.45492058664,,72.528,3.486
UZB,YR2025,,3968.2720079072,,,
VCT,YR2023,75.53679657,10582.3656725229,4.43696308,71.23,1.775
VCT,YR2024,76.19010162,11501.2265187188,,71.382,1.761
VCT,YR2025,,12561.769166789,,,
VEN,YR2023,76.33190155,3617.47038396528,3.77611423,72.514,2.079
VEN,YR2024,76.67890167,4244.45723136019,,72.673,2.077
VEN,YR2025,,3494.8138870244,,,
VGB,YR2023,,,,77.276,1.045
VGB,YR2024,,,,77.431,1.048
VIR,YR2023,,,,80.519512195122,1.98
VIR,YR2024,,,,80.7707317073171,1.97
VNM,YR2023,78.08,4322.82572261566,4.56109476,74.588,1.913
VNM,YR2024,84.15,4716.6599379632,,74.736,1.895
VNM,YR2025,,5065.99091899299,,,
VUT,YR2023,,3708.18942411253,4.1186676,71.477,3.596
VUT,YR2024,,3959.87703462363,,71.654,3.569
VUT,YR2025,,4038.73520713411,,,
WLD,YR2023,69.2,13313.8575826001,10.0604465994699,73.3302230276374,2.1956672724205
WLD,YR2024,71.2,13717.0909956338,,73.4818184164654,2.18831256131236
WLD,YR2025,73.6,14405.8484595528,,,
WSM,YR2023,,4822.74084650019,6.78103304,71.698,3.829
WSM,YR2024,,5392.87761915762,,71.826,3.801
WSM,YR2025,,5872.78333308796,,,
XKX,YR2023,,6220.33213919344,,78.033,1.545
XKX,YR2024,,7026.6988128325,,78.222,1.538
XKX,YR2025,,7899.41841135202,,,
YEM,YR2023,,,9.69559193,69.295,4.59
YEM,YR2024,,,,69.439,4.499
ZAF,YR2023,78.33670044,6034.27208964673,8.90966797,66.139,2.216
ZAF,YR2024,78.35759735,6267.186814093,,66.312,2.205
ZAF,YR2025,,6597.71450918774,,,
ZMB,YR2023,16.45070076,1330.72780576709,5.97841072,66.349,4.101
ZMB,YR2024,17.10099983,1187.10943350064,,66.528,4.036
ZMB,YR2025,,1317.87771619597,,,
ZWE,YR2023,38.67480087,2195.22502010174,2.92601609,62.775,3.724
ZWE,YR2024,41.64279938,2496.15514995576,,63.064,3.674
ZWE,YR2025,,3021.43019873632,,,
